{
  "port_5v": "/dev/franka_small",
  "port_12v": "/dev/franka_large",
  "baudrate": 1000000,
  "joint_signs": [
    1.0,
    1.0,
    1.0,
    -1.0,
    1.0,
    -1.0,
    1.0
  ],
  "joint_offsets_rad": [
    0.0,
    0.0337475773334841,
    0.0,
    -0.20015547370143813,
    -3.268077652241837,
    3.2110291143026344,
    -0.7
  ],
  "gravity_comp_currents": [
    0,
    0,
    0,
    0,
    0,
    0,
    0
  ]
}