{
  "port_5v": "/dev/franka_small",
  "port_12v": "/dev/franka_large",
  "baudrate": 1000000,
  "joint_signs": [
    1.0,
    1.0,
    1.0,
    -1.0,
    1.0,
    -1.0,
    1.0
  ],
  "joint_offsets_rad": [
    0.0,
    0.0337475773334841,
    -5.999999999999996,
    -0.20015547370143813,
    3.1288543861823963,
    2.729359146906543,
    -0.7
  ],
  "gravity_comp_currents": [
    0,
    0,
    0,
    0,
    0,
    0,
    0
  ]
}